Publish_date,Headlines

01-01-19,abc decides agaimst community broadcasting licence
02-01-19,act fire witness must be aware of defamation
02-01-19,ag calls for infrastructure protection summit
02-01-19,air nz staff in aust strike for pay rise
02-01-19,air nz strike to affect australian travellers
02-01-19,ambitious olsson wins triple jump
02-01-19,antic delighted with record breaking braca
02-01-19,ag calls for infrastructure protection summit
03-01-19,abc decides agaimst community broadcasting licence
03-01-19,act fire witness must be aware of defamation
03-01-19,ag calls for infrastructure protection 
03-01-19,air nz staff in aust strike for pay rise
03-01-19,air nz strike to affect australian travellers
03-01-19,ambitious olsson wins triple jump
03-01-19,antic delighted with record breaking braca
03-01-19,ag calls for infrastructure protection summit
03-01-19,abc decides agaimst community broadcasting licence
04-01-19,act fire witness must be aware of defamation
04-01-19,ag calls for infrastructure protection summit
04-01-19,air nz staff in aust strike for pay rise
04-01-19,air nz strike to affect australian travellers
04-01-19,ambitious olsson wins triple jump
04-01-19,antic delighted with record breaking braca
04-01-19,ag calls for infrastructure protection summit
05-01-19,abc decides agaimst community broadcasting licence
05-01-19,act fire witness must be aware of defamation
05-01-19,ag calls for infrastructure protection summit
05-01-19,air nz staff in aust strike for pay rise
05-01-19,air nz strike to affect australian travellers
05-01-19,ambitious olsson wins triple jump
05-01-19,antic delighted with record breaking braca
05-01-19,ag calls for infrastructure protection summit
06-01-19,abc decides agaimst community broadcasting licence
06-01-19,act fire witness must be aware of defamation
06-01-19,ag calls for infrastructure protection summit
06-01-19,air nz staff in aust strike for pay rise
06-01-19,air nz strike to affect australian travellers
06-01-19,ambitious olsson wins triple jump
06-01-19,antic delighted with record breaking braca
06-01-19,ag calls for infrastructure protection summit
07-01-19,abc decides agaimst community broadcasting licence
07-01-19,act fire witness must be aware of defamation
07-01-19,ag calls for infrastructure protection summit
07-01-19,air nz staff in aust strike for pay rise
07-01-19,air nz strike to affect australian travellers
07-01-19,ambitious olsson wins triple jump
08-01-19,antic delighted with record breaking braca
08-01-19,ag calls for infrastructure protection summit
08-01-19,abc decides agaimst community broadcasting licence
08-01-19,act fire witness must be aware of defamation
08-01-19,ag calls for infrastructure protection summit
08-01-19,air nz staff in aust strike for pay rise
09-01-19,air nz strike to affect australian travellers
09-01-19,ambitious olsson wins triple jump
09-01-19,antic delighted with record breaking braca
09-01-19,ag calls for infrastructure protection summit
09-01-19,abc decides agaimst community broadcasting licence
09-01-19,act fire witness must be aware of defamation
10-01-19,ag calls for infrastructure protection summit
10-01-19,air nz staff in aust strike for pay rise
10-01-19,air nz strike to affect australian travellers
12-01-19,ambitious olsson wins triple jump
12-01-19,antic delighted with record breaking braca
12-01-19,ag calls for infrastructure protection summit
12-01-19,abc decides agaimst community broadcasting licence
12-01-19,act fire witness must be aware of defamation
13-01-19,ag calls for infrastructure protection summit
13-01-19,air nz staff in aust strike for pay rise
13-01-19,air nz strike to affect australian travellers
13-01-19,ambitious olsson wins triple jump
13-01-19,antic delighted with record breaking braca
13-01-19,ag calls for infrastructure protection summit
13-01-19,abc decides agaimst community broadcasting licence
13-01-19,act fire witness must be aware of defamation
13-01-19,ag calls for infrastructure protection summit
13-01-19,air nz staff in aust strike for pay rise
13-01-19,air nz strike to affect australian travellers
14-01-19,ambitious olsson wins triple jump
14-01-19,antic delighted with record breaking braca
14-01-19,ag calls for infrastructure protection summit
14-01-19,abc decides agaimst community broadcasting licence
14-01-19,act fire witness must be aware of defamation
14-01-19,ag calls for infrastructure protection summit
15-01-19,air nz staff in aust strike for pay rise
15-01-19,air nz strike to affect australian travellers
15-01-19,ambitious olsson wins triple jump
15-01-19,antic delighted with record breaking braca
15-01-19,ag calls for infrastructure protection summit
15-01-19,abc decides agaimst community broadcasting licence
15-01-19,act fire witness must be aware of defamation
16-01-19,ag calls for infrastructure protection summit
16-01-19,air nz staff in aust strike for pay rise
16-01-19,air nz strike to affect australian travellers
17-01-19,ambitious olsson wins triple jump
17-01-19,antic delighted with record breaking braca
17-01-19,ag calls for infrastructure protection summit
17-01-19,abc decides agaimst community broadcasting licence
18-01-19,act fire witness must be aware of defamation
18-01-19,ag calls for infrastructure protection summit
18-01-19,air nz staff in aust strike for pay rise
18-01-19,air nz strike to affect australian travellers
18-01-19,ambitious olsson wins triple jump
18-01-19,antic delighted with record breaking braca
18-01-19,ag calls for infrastructure protection summit
19-01-19,abc decides agaimst community broadcasting licence
19-01-19,act fire witness must be aware of defamation
19-01-19,ag calls for infrastructure protection summit
19-01-19,air nz staff in aust strike for pay rise
20-01-19,air nz strike to affect australian travellers
20-01-19,ambitious olsson wins triple jump
20-01-19,antic delighted with record breaking braca
20-01-19,ag calls for infrastructure protection summit
21-01-19,abc decides agaimst community broadcasting licence
21-01-19,act fire witness must be aware of defamation
21-01-19,ag calls for infrastructure protection summit
22-01-19,air nz staff in aust strike for pay rise
22-01-19,air nz strike to affect australian travellers
22-01-19,ambitious olsson wins triple jump
22-01-19,antic delighted with record breaking braca
22-01-19,ag calls for infrastructure protection summit
23-01-19,abc decides agaimst community broadcasting licence
23-01-19,act fire witness must be aware of defamation
23-01-19,ag calls for infrastructure protection summit
23-01-19,air nz staff in aust strike for pay rise
24-01-19,air nz strike to affect australian travellers
24-01-19,ambitious olsson wins triple jump
24-01-19,antic delighted with record breaking braca
24-01-19,ag calls for infrastructure protection summit
25-01-19,abc decides agaimst community broadcasting licence
25-01-19,act fire witness must be aware of defamation
25-01-19,ag calls for infrastructure protection summit
25-01-19,air nz staff in aust strike for pay rise
26-01-19,air nz strike to affect australian travellers
26-01-19,ambitious olsson wins triple jump
26-01-19,antic delighted with record breaking braca
26-01-19,ag calls for infrastructure protection summit
26-01-19,abc decides agaimst community broadcasting licence
27-01-19,act fire witness must be aware of defamation
27-01-19,ag calls for infrastructure protection summit
27-01-19,air nz staff in aust strike for pay rise
27-01-19,air nz strike to affect australian travellers
28-01-19,ambitious olsson wins triple jump
28-01-19,antic delighted with record breaking braca
28-01-19,ag calls for infrastructure protection summit
29-01-19,abc decides agaimst community broadcasting licence
29-01-19,act fire witness must be aware of defamation
29-01-19,ag calls for infrastructure protection summit
30-01-19,air nz staff in aust strike for pay rise
30-01-19,air nz strike to affect australian travellers
31-01-19,ambitious olsson wins triple jump
31-01-19,antic delighted with record breaking braca
31-01-19,ag calls for infrastructure protection summit
31-01-19,abc decides agaimst community broadcasting licence
31-01-19,act fire witness must be aware of defamation
01-02-19,ag calls for infrastructure protection summit
02-02-19,air nz staff in aust strike for pay rise
02-02-19,air nz strike to affect australian travellers
02-02-19,ambitious olsson wins triple jump
03-02-19,antic delighted with record breaking braca
03-02-19,ag calls for infrastructure protection summit
03-02-19,abc decides agaimst community broadcasting licence
04-02-19,act fire witness must be aware of defamation
04-02-19,ag calls for infrastructure protection summit
04-02-19,air nz staff in aust strike for pay rise
04-02-19,air nz strike to affect australian travellers
05-02-19,ambitious olsson wins triple jump
05-02-19,antic delighted with record breaking braca
05-02-19,ag calls for infrastructure protection summit
06-02-19,abc decides agaimst community broadcasting licence
06-02-19,act fire witness must be aware of defamation
06-02-19,ag calls for infrastructure protection summit
06-02-19,air nz staff in aust strike for pay rise
07-02-19,air nz strike to affect australian travellers
07-02-19,ambitious olsson wins triple jump
07-02-19,antic delighted with record breaking braca
08-02-19,ag calls for infrastructure protection summit
08-02-19,abc decides agaimst community broadcasting licence
08-02-19,act fire witness must be aware of defamation
09-02-19,ag calls for infrastructure protection summit
10-02-19,air nz staff in aust strike for pay rise
10-02-19,air nz strike to affect australian travellers
10-02-19,ambitious olsson wins triple jump
11-02-19,antic delighted with record breaking braca
11-02-19,ag calls for infrastructure protection summit
12-02-19,air nz staff in aust strike for pay rise
12-02-19,air nz strike to affect australian travellers
12-02-19,ambitious olsson wins triple jump
13-02-19,antic delighted with record breaking braca
13-02-19,ag calls for infrastructure protection summit
13-02-19,air nz staff in aust strike for pay rise
14-02-19,air nz strike to affect australian travellers
14-02-19,ambitious olsson wins triple jump
14-02-19,antic delighted with record breaking braca
14-02-19,ag calls for infrastructure protection summit
15-02-19,air nz staff in aust strike for pay rise
15-02-19,air nz strike to affect australian travellers
15-02-19,ambitious olsson wins triple jump
15-02-19,antic delighted with record breaking braca
16-02-19,ag calls for infrastructure protection summit
16-19,air nz staff in aust strike for pay rise
16-02-19,air nz strike to affect australian travellers
17-02-19,ambitious olsson wins triple jump
17-02-19,antic delighted with record breaking braca
18-02-19,ag calls for infrastructure protection summit
19-02-19,air nz staff in aust strike for pay rise
19-02-19,air nz strike to affect australian travellers
20-02-19,ambitious olsson wins triple jump
21-02-19,antic delighted with record breaking braca
21-02-19,ag calls for infrastructure protection summit
22-02-19,air nz staff in aust strike for pay rise
22-02-19,air nz strike to affect australian travellers
22-02-19,ambitious olsson wins triple jump
23-02-19,antic delighted with record breaking braca
23-02-19,ag calls for infrastructure protection summit
23-02-19,air nz staff in aust strike for pay rise
23-02-19,air nz strike to affect australian travellers
24-02-19,ambitious olsson wins triple jump
24-02-19,antic delighted with record breaking braca
24-02-19,ag calls for infrastructure protection summit
25-02-19,air nz staff in aust strike for pay rise
25-02-19,air nz strike to affect australian travellers
25-02-19,ambitious olsson wins triple jump
25-02-19,antic delighted with record breaking braca
25-02-19,ag calls for infrastructure protection summit
26-02-19,air nz staff in aust strike for pay rise
26-02-19,air nz strike to affect australian travellers
26-02-19,ambitious olsson wins triple jump
26-02-19,antic delighted with record breaking braca
26-02-19,ag calls for infrastructure protection summit
27-02-19,air nz staff in aust strike for pay rise
27-02-19,air nz strike to affect australian travellers
27-02-19,ambitious olsson wins triple jump
27-02-19,antic delighted with record breaking braca
27-02-19,ag calls for infrastructure protection summit
28-02-19,air nz staff in aust strike for pay rise
28-02-19,air nz strike to affect australian travellers
28-02-19,ambitious olsson wins triple jump
28-02-19,antic delighted with record breaking braca
28-02-19,ag calls for infrastructure protection summit

01-03-19,abc decides agaimst community broadcasting licence
02-03-19,act fire witness must be aware of defamation
02-03-19,ag calls for infrastructure protection summit
02-03-19,air nz staff in aust strike for pay rise
02-03-19,air nz strike to affect australian travellers
02-03-19,ambitious olsson wins triple jump
02-03-19,antic delighted with record breaking braca
02-03-19,ag calls for infrastructure protection summit
03-03-19,abc decides agaimst community broadcasting licence
03-03-19,act fire witness must be aware of defamation
03-03-19,ag calls for infrastructure protection summit
03-03-19,air nz staff in aust strike for pay rise
03-03-19,air nz strike to affect australian travellers
03-03-19,ambitious olsson wins triple jump
03-03-19,antic delighted with record breaking braca
03-03-19,ag calls for infrastructure protection summit
03-03-19,abc decides agaimst community broadcasting licence
04-03-19,act fire witness must be aware of defamation
04-03-19,ag calls for infrastructure protection summit
04-03-19,air nz staff in aust strike for pay rise
04-03-19,air nz strike to affect australian travellers
04-03-19,ambitious olsson wins triple jump
04-03-19,antic delighted with record breaking braca
04-03-19,ag calls for infrastructure protection summit
05-03-19,abc decides agaimst community broadcasting licence
05-03-19,act fire witness must be aware of defamation
05-03-19,ag calls for infrastructure protection summit
05-03-19,air nz staff in aust strike for pay rise
05-03-19,air nz strike to affect australian travellers
05-03-19,ambitious olsson wins triple jump
05-03-19,antic delighted with record breaking braca
05-03-19,ag calls for infrastructure protection summit
06-03-19,abc decides agaimst community broadcasting licence
06-03-19,act fire witness must be aware of defamation
06-03-19,ag calls for infrastructure protection summit
06-03-19,air nz staff in aust strike for pay rise
06-03-19,air nz strike to affect australian travellers
06-03-19,ambitious olsson wins triple jump
06-03-19,antic delighted with record breaking braca
06-03-19,ag calls for infrastructure protection summit
07-03-19,abc decides agaimst community broadcasting licence
07-03-19,act fire witness must be aware of defamation
07-03-19,ag calls for infrastructure protection summit
07-03-19,air nz staff in aust strike for pay rise
07-03-19,air nz strike to affect australian travellers
07-03-19,ambitious olsson wins triple jump
08-03-19,antic delighted with record breaking braca
08-03-19,ag calls for infrastructure protection summit
08-03-19,abc decides agaimst community broadcasting licence
08-03-19,act fire witness must be aware of defamation
08-03-19,ag calls for infrastructure protection summit
08-03-19,air nz staff in aust strike for pay rise
09-03-19,air nz strike to affect australian travellers
09-03-19,ambitious olsson wins triple jump
09-03-19,antic delighted with record breaking braca
09-03-19,ag calls for infrastructure protection summit
09-03-19,abc decides agaimst community broadcasting licence
09-03-19,act fire witness must be aware of defamation
10-03-19,ag calls for infrastructure protection summit
10-03-19,air nz staff in aust strike for pay rise
10-03-19,air nz strike to affect australian travellers
12-03-19,ambitious olsson wins triple jump
12-03-19,antic delighted with record breaking braca
12-03-19,ag calls for infrastructure protection summit
12-03-19,abc decides agaimst community broadcasting licence
12-03-19,act fire witness must be aware of defamation
13-03-19,ag calls for infrastructure protection summit
13-03-19,air nz staff in aust strike for pay rise
13-03-19,air nz strike to affect australian travellers
13-03-19,ambitious olsson wins triple jump
13-03-19,antic delighted with record breaking braca
13-03-19,ag calls for infrastructure protection 
13-03-19,abc decides agaimst community broadcasting licence
13-03-19,act fire witness must be aware of defamation
13-03-19,ag calls for infrastructure protection summit
13-03-19,air nz staff in aust strike for pay rise
13-03-19,air nz strike to affect australian travellers
14-03-19,ambitious olsson wins triple jump
14-03-19,antic delighted with record breaking braca
14-03-19,ag calls for infrastructure protection summit
14-03-19,abc decides agaimst community broadcasting licence
14-03-19,act fire witness must be aware of defamation
14-03-19,ag calls for infrastructure protection summit
15-03-19,air nz staff in aust strike for pay rise
15-03-19,air nz strike to affect australian travellers
15-03-19,ambitious olsson wins triple jump
15-03-19,antic delighted with record breaking braca
15-03-19,ag calls for infrastructure protection summit
15-03-19,abc decides agaimst community broadcasting licence
15-03-19,act fire witness must be aware of defamation
16-03-19,ag calls for infrastructure protection summit
16-03-19,air nz staff in aust strike for pay rise
16-03-19,air nz strike to affect australian travellers
17-03-19,ambitious olsson wins triple jump
17-03-19,antic delighted with record breaking braca
17-03-19,ag calls for infrastructure protection summit
17-03-19,abc decides agaimst community broadcasting licence
18-03-19,act fire witness must be aware of defamation
18-03-19,ag calls for infrastructure protection summit
18-03-19,air nz staff in aust strike for pay rise
18-03-19,air nz strike to affect australian travellers
18-03-19,ambitious olsson wins triple jump
18-03-19,antic delighted with record breaking braca
18-03-19,ag calls for infrastructure protection summit
19-03-19,abc decides agaimst community broadcasting licence
19-03-19,act fire witness must be aware of defamation
19-03-19,ag calls for infrastructure protection summit
19-03-19,air nz staff in aust strike for pay rise
20-03-19,air nz strike to affect australian travellers
20-03-19,ambitious olsson wins triple jump
20-03-19,antic delighted with record breaking braca
20-03-19,ag calls for infrastructure protection summit
21-03-19,abc decides agaimst community broadcasting licence
21-03-19,act fire witness must be aware of defamation
21-03-19,ag calls for infrastructure protection summit
22-03-19,air nz staff in aust strike for pay rise
22-03-19,air nz strike to affect australian travellers
22-03-19,air nz staff in aust strike for pay rise
22-03-19,air nz strike to affect australian travellers
22-03-19,ambitious olsson wins triple jump
22-03-19,antic delighted with record breaking braca
22-03-19,ag calls for infrastructure protection summit
23-03-19,abc decides agaimst community broadcasting licence
23-03-19,act fire witness must be aware of defamation
23-03-19,ag calls for infrastructure protection summit
23-03-19,air nz staff in aust strike for pay rise
24-03-19,air nz strike to affect australian travellers
24-03-19,ambitious olsson wins triple jump
24-03-19,antic delighted with record breaking braca
24-03-19,ag calls for infrastructure protection summit
24-03-19,antic delighted with record breaking braca
24-03-19,ag calls for infrastructure protection summit
25-03-19,abc decides agaimst community broadcasting licence
25-03-19,act fire witness must be aware of defamation
25-03-19,ag calls for infrastructure protection summit
25-03-19,air nz staff in aust strike for pay rise
26-03-19,air nz strike to affect australian travellers
26-03-19,ambitious olsson wins triple jump
26-03-19,antic delighted with record breaking braca
26-03-19,ag calls for infrastructure protection summit
26-03-19,abc decides agaimst community broadcasting licence
27-03-19,act fire witness must be aware of defamation
27-03-19,ag calls for infrastructure protection summit
27-03-19,air nz staff in aust strike for pay rise
27-03-19,air nz strike to affect australian travellers
28-03-19,ambitious olsson wins triple jump
28-03-19,antic delighted with record breaking braca
28-03-19,ag calls for infrastructure protection summit
29-03-19,abc decides agaimst community broadcasting licence
29-03-19,act fire witness must be aware of defamation
29-03-19,ag calls for infrastructure protection summit
30-03-19,air nz staff in aust strike for pay rise
30-03-19,air nz strike to affect australian travellers